Workbook

Sheet Resumen
D1: RESUMEN MENSUAL – REGISTRO DE JORNADA
D2: Mes: Enero 2025 | Actualizado automáticamente
A4: Nº | B4: EMPLEADO/A | C4: HORAS TOTALES MES | D4: HORAS EXTRA | E4: AUSENCIAS (días) | F4: ESTADO
A5: 1 | B5: Empleado 1 | C5: ='Empleado 1'!F38 -> 0 | D5: ='Empleado 1'!G38 -> 0 | E5: 0 | F5: Activo
A6: 2 | B6: Empleado 2 | C6: ='Empleado 2'!F38 -> 0 | D6: ='Empleado 2'!G38 -> 0 | E6: 0 | F6: Activo
A7: 3 | B7: Empleado 3 | C7: ='Empleado 3'!F38 -> 0 | D7: ='Empleado 3'!G38 -> 0 | E7: 0 | F7: Activo
A8: 4 | B8: Empleado 4 | C8: ='Empleado 4'!F38 -> 0 | D8: ='Empleado 4'!G38 -> 0 | E8: 0 | F8: Activo
A9: 5 | B9: Empleado 5 | C9: ='Empleado 5'!F38 -> 0 | D9: ='Empleado 5'!G38 -> 0 | E9: 0 | F9: Activo
B10: TOTAL EQUIPO | C10: =SUM(C5:C9) -> 0 | D10: =SUM(D5:D9) -> 0
A12: Plantilla gratuita de fichados.es - ¿Quieres automatizarlo? Visita fichados.es

Sheet Empleado 1
D1: REGISTRO DE JORNADA LABORAL
D2: Trabajador/a: Empleado 1 | Enero 2025
A5: DÍA | B5: FECHA | C5: ENTRADA | D5: SALIDA | E5: PAUSA (min) | F5: HORAS NETAS | G5: HORAS EXTRA | H5: OBS.
A6: 1 | B6: 01/01/2025 | E6: 0 | F6: =IF(AND(C6<>"",D6<>""),(D6-C6)*24-E6/60,"") | G6: =IF(F6<>"",MAX(0,F6-8),"")
A7: 2 | B7: 02/01/2025 | E7: 0 | F7: =IF(AND(C7<>"",D7<>""),(D7-C7)*24-E7/60,"") | G7: =IF(F7<>"",MAX(0,F7-8),"")
A8: 3 | B8: 03/01/2025 | E8: 0 | F8: =IF(AND(C8<>"",D8<>""),(D8-C8)*24-E8/60,"") | G8: =IF(F8<>"",MAX(0,F8-8),"")
A9: 4 | B9: 04/01/2025 | E9: 0 | F9: =IF(AND(C9<>"",D9<>""),(D9-C9)*24-E9/60,"") | G9: =IF(F9<>"",MAX(0,F9-8),"")
A10: 5 | B10: 05/01/2025 | E10: 0 | F10: =IF(AND(C10<>"",D10<>""),(D10-C10)*24-E10/60,"") | G10: =IF(F10<>"",MAX(0,F10-8),"")
A11: 6 | B11: 06/01/2025 | E11: 0 | F11: =IF(AND(C11<>"",D11<>""),(D11-C11)*24-E11/60,"") | G11: =IF(F11<>"",MAX(0,F11-8),"")
A12: 7 | B12: 07/01/2025 | E12: 0 | F12: =IF(AND(C12<>"",D12<>""),(D12-C12)*24-E12/60,"") | G12: =IF(F12<>"",MAX(0,F12-8),"")
A13: 8 | B13: 08/01/2025 | E13: 0 | F13: =IF(AND(C13<>"",D13<>""),(D13-C13)*24-E13/60,"") | G13: =IF(F13<>"",MAX(0,F13-8),"")
A14: 9 | B14: 09/01/2025 | E14: 0 | F14: =IF(AND(C14<>"",D14<>""),(D14-C14)*24-E14/60,"") | G14: =IF(F14<>"",MAX(0,F14-8),"")
A15: 10 | B15: 10/01/2025 | E15: 0 | F15: =IF(AND(C15<>"",D15<>""),(D15-C15)*24-E15/60,"") | G15: =IF(F15<>"",MAX(0,F15-8),"")
A16: 11 | B16: 11/01/2025 | E16: 0 | F16: =IF(AND(C16<>"",D16<>""),(D16-C16)*24-E16/60,"") | G16: =IF(F16<>"",MAX(0,F16-8),"")
A17: 12 | B17: 12/01/2025 | E17: 0 | F17: =IF(AND(C17<>"",D17<>""),(D17-C17)*24-E17/60,"") | G17: =IF(F17<>"",MAX(0,F17-8),"")
... A36: 31 | B36: 31/01/2025 | E36: 0 | F36: =IF(AND(C36<>"",D36<>""),(D36-C36)*24-E36/60,"") | G36: =IF(F36<>"",MAX(0,F36-8),"")
A37: TOTAL | F37: =SUM(F6:F36) -> 0 | G37: =SUM(G6:G36) -> 0
A39: Plantilla gratuita de fichados.es - ¿Quieres automatizarlo? Visita fichados.es

Sheet Empleado 2
D1: REGISTRO DE JORNADA LABORAL
D2: Trabajador/a: Empleado 2 | Enero 2025
A5: DÍA | B5: FECHA | C5: ENTRADA | D5: SALIDA | E5: PAUSA (min) | F5: HORAS NETAS | G5: HORAS EXTRA | H5: OBS.
A6: 1 | B6: 01/01/2025 | E6: 0 | F6: =IF(AND(C6<>"",D6<>""),(D6-C6)*24-E6/60,"") | G6: =IF(F6<>"",MAX(0,F6-8),"")
A7: 2 | B7: 02/01/2025 | E7: 0 | F7: =IF(AND(C7<>"",D7<>""),(D7-C7)*24-E7/60,"") | G7: =IF(F7<>"",MAX(0,F7-8),"")
A8: 3 | B8: 03/01/2025 | E8: 0 | F8: =IF(AND(C8<>"",D8<>""),(D8-C8)*24-E8/60,"") | G8: =IF(F8<>"",MAX(0,F8-8),"")
A9: 4 | B9: 04/01/2025 | E9: 0 | F9: =IF(AND(C9<>"",D9<>""),(D9-C9)*24-E9/60,"") | G9: =IF(F9<>"",MAX(0,F9-8),"")
A10: 5 | B10: 05/01/2025 | E10: 0 | F10: =IF(AND(C10<>"",D10<>""),(D10-C10)*24-E10/60,"") | G10: =IF(F10<>"",MAX(0,F10-8),"")
A11: 6 | B11: 06/01/2025 | E11: 0 | F11: =IF(AND(C11<>"",D11<>""),(D11-C11)*24-E11/60,"") | G11: =IF(F11<>"",MAX(0,F11-8),"")
A12: 7 | B12: 07/01/2025 | E12: 0 | F12: =IF(AND(C12<>"",D12<>""),(D12-C12)*24-E12/60,"") | G12: =IF(F12<>"",MAX(0,F12-8),"")
A13: 8 | B13: 08/01/2025 | E13: 0 | F13: =IF(AND(C13<>"",D13<>""),(D13-C13)*24-E13/60,"") | G13: =IF(F13<>"",MAX(0,F13-8),"")
A14: 9 | B14: 09/01/2025 | E14: 0 | F14: =IF(AND(C14<>"",D14<>""),(D14-C14)*24-E14/60,"") | G14: =IF(F14<>"",MAX(0,F14-8),"")
A15: 10 | B15: 10/01/2025 | E15: 0 | F15: =IF(AND(C15<>"",D15<>""),(D15-C15)*24-E15/60,"") | G15: =IF(F15<>"",MAX(0,F15-8),"")
A16: 11 | B16: 11/01/2025 | E16: 0 | F16: =IF(AND(C16<>"",D16<>""),(D16-C16)*24-E16/60,"") | G16: =IF(F16<>"",MAX(0,F16-8),"")
A17: 12 | B17: 12/01/2025 | E17: 0 | F17: =IF(AND(C17<>"",D17<>""),(D17-C17)*24-E17/60,"") | G17: =IF(F17<>"",MAX(0,F17-8),"")
... A36: 31 | B36: 31/01/2025 | E36: 0 | F36: =IF(AND(C36<>"",D36<>""),(D36-C36)*24-E36/60,"") | G36: =IF(F36<>"",MAX(0,F36-8),"")
A37: TOTAL | F37: =SUM(F6:F36) -> 0 | G37: =SUM(G6:G36) -> 0
A39: Plantilla gratuita de fichados.es - ¿Quieres automatizarlo? Visita fichados.es

Sheet Empleado 3
D1: REGISTRO DE JORNADA LABORAL
D2: Trabajador/a: Empleado 3 | Enero 2025
A5: DÍA | B5: FECHA | C5: ENTRADA | D5: SALIDA | E5: PAUSA (min) | F5: HORAS NETAS | G5: HORAS EXTRA | H5: OBS.
A6: 1 | B6: 01/01/2025 | E6: 0 | F6: =IF(AND(C6<>"",D6<>""),(D6-C6)*24-E6/60,"") | G6: =IF(F6<>"",MAX(0,F6-8),"")
A7: 2 | B7: 02/01/2025 | E7: 0 | F7: =IF(AND(C7<>"",D7<>""),(D7-C7)*24-E7/60,"") | G7: =IF(F7<>"",MAX(0,F7-8),"")
A8: 3 | B8: 03/01/2025 | E8: 0 | F8: =IF(AND(C8<>"",D8<>""),(D8-C8)*24-E8/60,"") | G8: =IF(F8<>"",MAX(0,F8-8),"")
A9: 4 | B9: 04/01/2025 | E9: 0 | F9: =IF(AND(C9<>"",D9<>""),(D9-C9)*24-E9/60,"") | G9: =IF(F9<>"",MAX(0,F9-8),"")
A10: 5 | B10: 05/01/2025 | E10: 0 | F10: =IF(AND(C10<>"",D10<>""),(D10-C10)*24-E10/60,"") | G10: =IF(F10<>"",MAX(0,F10-8),"")
A11: 6 | B11: 06/01/2025 | E11: 0 | F11: =IF(AND(C11<>"",D11<>""),(D11-C11)*24-E11/60,"") | G11: =IF(F11<>"",MAX(0,F11-8),"")
A12: 7 | B12: 07/01/2025 | E12: 0 | F12: =IF(AND(C12<>"",D12<>""),(D12-C12)*24-E12/60,"") | G12: =IF(F12<>"",MAX(0,F12-8),"")
A13: 8 | B13: 08/01/2025 | E13: 0 | F13: =IF(AND(C13<>"",D13<>""),(D13-C13)*24-E13/60,"") | G13: =IF(F13<>"",MAX(0,F13-8),"")
A14: 9 | B14: 09/01/2025 | E14: 0 | F14: =IF(AND(C14<>"",D14<>""),(D14-C14)*24-E14/60,"") | G14: =IF(F14<>"",MAX(0,F14-8),"")
A15: 10 | B15: 10/01/2025 | E15: 0 | F15: =IF(AND(C15<>"",D15<>""),(D15-C15)*24-E15/60,"") | G15: =IF(F15<>"",MAX(0,F15-8),"")
A16: 11 | B16: 11/01/2025 | E16: 0 | F16: =IF(AND(C16<>"",D16<>""),(D16-C16)*24-E16/60,"") | G16: =IF(F16<>"",MAX(0,F16-8),"")
A17: 12 | B17: 12/01/2025 | E17: 0 | F17: =IF(AND(C17<>"",D17<>""),(D17-C17)*24-E17/60,"") | G17: =IF(F17<>"",MAX(0,F17-8),"")
... A36: 31 | B36: 31/01/2025 | E36: 0 | F36: =IF(AND(C36<>"",D36<>""),(D36-C36)*24-E36/60,"") | G36: =IF(F36<>"",MAX(0,F36-8),"")
A37: TOTAL | F37: =SUM(F6:F36) -> 0 | G37: =SUM(G6:G36) -> 0
A39: Plantilla gratuita de fichados.es - ¿Quieres automatizarlo? Visita fichados.es

Sheet Empleado 4
D1: REGISTRO DE JORNADA LABORAL
D2: Trabajador/a: Empleado 4 | Enero 2025
A5: DÍA | B5: FECHA | C5: ENTRADA | D5: SALIDA | E5: PAUSA (min) | F5: HORAS NETAS | G5: HORAS EXTRA | H5: OBS.
A6: 1 | B6: 01/01/2025 | E6: 0 | F6: =IF(AND(C6<>"",D6<>""),(D6-C6)*24-E6/60,"") | G6: =IF(F6<>"",MAX(0,F6-8),"")
A7: 2 | B7: 02/01/2025 | E7: 0 | F7: =IF(AND(C7<>"",D7<>""),(D7-C7)*24-E7/60,"") | G7: =IF(F7<>"",MAX(0,F7-8),"")
A8: 3 | B8: 03/01/2025 | E8: 0 | F8: =IF(AND(C8<>"",D8<>""),(D8-C8)*24-E8/60,"") | G8: =IF(F8<>"",MAX(0,F8-8),"")
A9: 4 | B9: 04/01/2025 | E9: 0 | F9: =IF(AND(C9<>"",D9<>""),(D9-C9)*24-E9/60,"") | G9: =IF(F9<>"",MAX(0,F9-8),"")
A10: 5 | B10: 05/01/2025 | E10: 0 | F10: =IF(AND(C10<>"",D10<>""),(D10-C10)*24-E10/60,"") | G10: =IF(F10<>"",MAX(0,F10-8),"")
A11: 6 | B11: 06/01/2025 | E11: 0 | F11: =IF(AND(C11<>"",D11<>""),(D11-C11)*24-E11/60,"") | G11: =IF(F11<>"",MAX(0,F11-8),"")
A12: 7 | B12: 07/01/2025 | E12: 0 | F12: =IF(AND(C12<>"",D12<>""),(D12-C12)*24-E12/60,"") | G12: =IF(F12<>"",MAX(0,F12-8),"")
A13: 8 | B13: 08/01/2025 | E13: 0 | F13: =IF(AND(C13<>"",D13<>""),(D13-C13)*24-E13/60,"") | G13: =IF(F13<>"",MAX(0,F13-8),"")
A14: 9 | B14: 09/01/2025 | E14: 0 | F14: =IF(AND(C14<>"",D14<>""),(D14-C14)*24-E14/60,"") | G14: =IF(F14<>"",MAX(0,F14-8),"")
A15: 10 | B15: 10/01/2025 | E15: 0 | F15: =IF(AND(C15<>"",D15<>""),(D15-C15)*24-E15/60,"") | G15: =IF(F15<>"",MAX(0,F15-8),"")
A16: 11 | B16: 11/01/2025 | E16: 0 | F16: =IF(AND(C16<>"",D16<>""),(D16-C16)*24-E16/60,"") | G16: =IF(F16<>"",MAX(0,F16-8),"")
A17: 12 | B17: 12/01/2025 | E17: 0 | F17: =IF(AND(C17<>"",D17<>""),(D17-C17)*24-E17/60,"") | G17: =IF(F17<>"",MAX(0,F17-8),"")
... A36: 31 | B36: 31/01/2025 | E36: 0 | F36: =IF(AND(C36<>"",D36<>""),(D36-C36)*24-E36/60,"") | G36: =IF(F36<>"",MAX(0,F36-8),"")
A37: TOTAL | F37: =SUM(F6:F36) -> 0 | G37: =SUM(G6:G36) -> 0
A39: Plantilla gratuita de fichados.es - ¿Quieres automatizarlo? Visita fichados.es

Sheet Empleado 5
D1: REGISTRO DE JORNADA LABORAL
D2: Trabajador/a: Empleado 5 | Enero 2025
A5: DÍA | B5: FECHA | C5: ENTRADA | D5: SALIDA | E5: PAUSA (min) | F5: HORAS NETAS | G5: HORAS EXTRA | H5: OBS.
A6: 1 | B6: 01/01/2025 | E6: 0 | F6: =IF(AND(C6<>"",D6<>""),(D6-C6)*24-E6/60,"") | G6: =IF(F6<>"",MAX(0,F6-8),"")
A7: 2 | B7: 02/01/2025 | E7: 0 | F7: =IF(AND(C7<>"",D7<>""),(D7-C7)*24-E7/60,"") | G7: =IF(F7<>"",MAX(0,F7-8),"")
A8: 3 | B8: 03/01/2025 | E8: 0 | F8: =IF(AND(C8<>"",D8<>""),(D8-C8)*24-E8/60,"") | G8: =IF(F8<>"",MAX(0,F8-8),"")
A9: 4 | B9: 04/01/2025 | E9: 0 | F9: =IF(AND(C9<>"",D9<>""),(D9-C9)*24-E9/60,"") | G9: =IF(F9<>"",MAX(0,F9-8),"")
A10: 5 | B10: 05/01/2025 | E10: 0 | F10: =IF(AND(C10<>"",D10<>""),(D10-C10)*24-E10/60,"") | G10: =IF(F10<>"",MAX(0,F10-8),"")
A11: 6 | B11: 06/01/2025 | E11: 0 | F11: =IF(AND(C11<>"",D11<>""),(D11-C11)*24-E11/60,"") | G11: =IF(F11<>"",MAX(0,F11-8),"")
A12: 7 | B12: 07/01/2025 | E12: 0 | F12: =IF(AND(C12<>"",D12<>""),(D12-C12)*24-E12/60,"") | G12: =IF(F12<>"",MAX(0,F12-8),"")
A13: 8 | B13: 08/01/2025 | E13: 0 | F13: =IF(AND(C13<>"",D13<>""),(D13-C13)*24-E13/60,"") | G13: =IF(F13<>"",MAX(0,F13-8),"")
A14: 9 | B14: 09/01/2025 | E14: 0 | F14: =IF(AND(C14<>"",D14<>""),(D14-C14)*24-E14/60,"") | G14: =IF(F14<>"",MAX(0,F14-8),"")
A15: 10 | B15: 10/01/2025 | E15: 0 | F15: =IF(AND(C15<>"",D15<>""),(D15-C15)*24-E15/60,"") | G15: =IF(F15<>"",MAX(0,F15-8),"")
A16: 11 | B16: 11/01/2025 | E16: 0 | F16: =IF(AND(C16<>"",D16<>""),(D16-C16)*24-E16/60,"") | G16: =IF(F16<>"",MAX(0,F16-8),"")
A17: 12 | B17: 12/01/2025 | E17: 0 | F17: =IF(AND(C17<>"",D17<>""),(D17-C17)*24-E17/60,"") | G17: =IF(F17<>"",MAX(0,F17-8),"")
... A36: 31 | B36: 31/01/2025 | E36: 0 | F36: =IF(AND(C36<>"",D36<>""),(D36-C36)*24-E36/60,"") | G36: =IF(F36<>"",MAX(0,F36-8),"")
A37: TOTAL | F37: =SUM(F6:F36) -> 0 | G37: =SUM(G6:G36) -> 0
A39: Plantilla gratuita de fichados.es - ¿Quieres automatizarlo? Visita fichados.es

Sheet Instrucciones
A1: INSTRUCCIONES – Registro Multi-Empleado
A3: ESTRUCTURA DEL ARCHIVO
A4: • Hoja RESUMEN: tabla consolidada con horas totales y extras de todo el equipo
A5: • Hojas Empleado 1-5: registro individual de jornada mensual
A6: • Los totales del Resumen se actualizan automáticamente al rellenar las hojas individuales
A8: CÓMO AÑADIR MÁS EMPLEADOS
A9: 1. Haz clic derecho sobre una pestaña de empleado y selecciona 'Mover o copiar'
A10: 2. Marca 'Crear una copia' y renombra la hoja con el nombre del nuevo empleado
A11: 3. Añade una fila en la hoja Resumen apuntando a los totales de la nueva hoja
A13: VALIDACIÓN DE DATOS
A14: Las columnas de ENTRADA y SALIDA tienen validación de formato horario HH:MM.
A15: Si introduces un valor incorrecto, Excel mostrará un mensaje de error.
A17: Plantilla gratuita de fichados.es - ¿Quieres automatizarlo? Visita fichados.es
