Workbook

Sheet Configuración
A1: CONFIGURACIÓN DE TURNOS
A3: CÓDIGO | B3: NOMBRE TURNO | C3: HORA INICIO | D3: HORA FIN | E3: HORAS/DÍA
A4: M | B4: Mañana | C4: 07:00 | D4: 15:00 | E4: 8
A5: T | B5: Tarde | C5: 15:00 | D5: 23:00 | E5: 8
A6: N | B6: Noche | C6: 23:00 | D6: 07:00 | E6: 8
A7: L | B7: Libre | C7: - | D7: - | E7: 0
A8: V | B8: Vacaciones | C8: - | D8: - | E8: 0
A10: Plantilla gratuita de fichados.es - ¿Quieres automatizarlo? Visita fichados.es

Sheet Semana 1
C1: CUADRANTE DE TURNOS – SEMANA 1
C2: M=Mañana T=Tarde N=Noche L=Libre V=Vacaciones
A3: Nº | B3: EMPLEADO/A | C3: Lunes | D3: Martes | E3: Miércoles | F3: Jueves | G3: Viernes | H3: Sábado | I3: Domingo | J3: HRS/SEM
A4: 1 | B4: Empleado 1 | C4: M | D4: M | E4: M | F4: M | G4: M | H4: L | I4: L | J4: =COUNTIF(C4:I4,"M")*8+COUNTIF(C4:I4,"T")*8+COUNTIF(C4:I4,"N")*8 -> 40
A5: 2 | B5: Empleado 2 | C5: T | D5: T | E5: T | F5: T | G5: T | H5: L | I5: L | J5: =COUNTIF(C5:I5,"M")*8+COUNTIF(C5:I5,"T")*8+COUNTIF(C5:I5,"N")*8 -> 40
A6: 3 | B6: Empleado 3 | C6: M | D6: T | E6: M | F6: T | G6: M | H6: L | I6: L | J6: =COUNTIF(C6:I6,"M")*8+COUNTIF(C6:I6,"T")*8+COUNTIF(C6:I6,"N")*8 -> 40
A7: 4 | B7: Empleado 4 | C7: N | D7: N | E7: N | F7: N | G7: N | H7: L | I7: L | J7: =COUNTIF(C7:I7,"M")*8+COUNTIF(C7:I7,"T")*8+COUNTIF(C7:I7,"N")*8 -> 40
A8: 5 | B8: Empleado 5 | C8: M | D8: M | E8: L | F8: M | G8: T | H8: L | I8: L | J8: =COUNTIF(C8:I8,"M")*8+COUNTIF(C8:I8,"T")*8+COUNTIF(C8:I8,"N")*8 -> 32
A9: 6 | B9: Empleado 6 | C9: T | D9: T | E9: T | F9: T | G9: T | H9: L | I9: L | J9: =COUNTIF(C9:I9,"M")*8+COUNTIF(C9:I9,"T")*8+COUNTIF(C9:I9,"N")*8 -> 40
A10: 7 | B10: Empleado 7 | C10: M | D10: M | E10: M | F10: M | G10: M | H10: L | I10: L | J10: =COUNTIF(C10:I10,"M")*8+COUNTIF(C10:I10,"T")*8+COUNTIF(C10:I10,"N")*8 -> 40
A11: 8 | B11: Empleado 8 | C11: N | D11: N | E11: N | F11: N | G11: N | H11: L | I11: L | J11: =COUNTIF(C11:I11,"M")*8+COUNTIF(C11:I11,"T")*8+COUNTIF(C11:I11,"N")*8 -> 40
A12: 9 | B12: Empleado 9 | C12: M | D12: T | E12: M | F12: T | G12: M | H12: L | I12: L | J12: =COUNTIF(C12:I12,"M")*8+COUNTIF(C12:I12,"T")*8+COUNTIF(C12:I12,"N")*8 -> 40
A13: 10 | B13: Empleado 10 | C13: L | D13: L | E13: M | F13: M | G13: M | H13: T | I13: T | J13: =COUNTIF(C13:I13,"M")*8+COUNTIF(C13:I13,"T")*8+COUNTIF(C13:I13,"N")*8 -> 40
B14: TOTAL HRS SEMANA | J14: =SUM(J4:J13) -> 392
A16: LEYENDA: | B16: M = Mañana | D16: T = Tarde | F16: N = Noche | H16: L = Libre | J16: V = Vacaciones
A18: Plantilla gratuita de fichados.es - ¿Quieres automatizarlo? Visita fichados.es

Sheet Semana 2
C1: CUADRANTE DE TURNOS – SEMANA 2
C2: M=Mañana T=Tarde N=Noche L=Libre V=Vacaciones
A3: Nº | B3: EMPLEADO/A | C3: Lunes | D3: Martes | E3: Miércoles | F3: Jueves | G3: Viernes | H3: Sábado | I3: Domingo | J3: HRS/SEM
A4: 1 | B4: Empleado 1 | C4: M | D4: M | E4: M | F4: M | G4: M | H4: L | I4: L | J4: =COUNTIF(C4:I4,"M")*8+COUNTIF(C4:I4,"T")*8+COUNTIF(C4:I4,"N")*8 -> 40
A5: 2 | B5: Empleado 2 | C5: T | D5: T | E5: T | F5: T | G5: T | H5: L | I5: L | J5: =COUNTIF(C5:I5,"M")*8+COUNTIF(C5:I5,"T")*8+COUNTIF(C5:I5,"N")*8 -> 40
A6: 3 | B6: Empleado 3 | C6: M | D6: T | E6: M | F6: T | G6: M | H6: L | I6: L | J6: =COUNTIF(C6:I6,"M")*8+COUNTIF(C6:I6,"T")*8+COUNTIF(C6:I6,"N")*8 -> 40
A7: 4 | B7: Empleado 4 | C7: N | D7: N | E7: N | F7: N | G7: N | H7: L | I7: L | J7: =COUNTIF(C7:I7,"M")*8+COUNTIF(C7:I7,"T")*8+COUNTIF(C7:I7,"N")*8 -> 40
A8: 5 | B8: Empleado 5 | C8: M | D8: M | E8: L | F8: M | G8: T | H8: L | I8: L | J8: =COUNTIF(C8:I8,"M")*8+COUNTIF(C8:I8,"T")*8+COUNTIF(C8:I8,"N")*8 -> 32
A9: 6 | B9: Empleado 6 | C9: T | D9: T | E9: T | F9: T | G9: T | H9: L | I9: L | J9: =COUNTIF(C9:I9,"M")*8+COUNTIF(C9:I9,"T")*8+COUNTIF(C9:I9,"N")*8 -> 40
A10: 7 | B10: Empleado 7 | C10: M | D10: M | E10: M | F10: M | G10: M | H10: L | I10: L | J10: =COUNTIF(C10:I10,"M")*8+COUNTIF(C10:I10,"T")*8+COUNTIF(C10:I10,"N")*8 -> 40
A11: 8 | B11: Empleado 8 | C11: N | D11: N | E11: N | F11: N | G11: N | H11: L | I11: L | J11: =COUNTIF(C11:I11,"M")*8+COUNTIF(C11:I11,"T")*8+COUNTIF(C11:I11,"N")*8 -> 40
A12: 9 | B12: Empleado 9 | C12: M | D12: T | E12: M | F12: T | G12: M | H12: L | I12: L | J12: =COUNTIF(C12:I12,"M")*8+COUNTIF(C12:I12,"T")*8+COUNTIF(C12:I12,"N")*8 -> 40
A13: 10 | B13: Empleado 10 | C13: L | D13: L | E13: M | F13: M | G13: M | H13: T | I13: T | J13: =COUNTIF(C13:I13,"M")*8+COUNTIF(C13:I13,"T")*8+COUNTIF(C13:I13,"N")*8 -> 40
B14: TOTAL HRS SEMANA | J14: =SUM(J4:J13) -> 392
A16: LEYENDA: | B16: M = Mañana | D16: T = Tarde | F16: N = Noche | H16: L = Libre | J16: V = Vacaciones
A18: Plantilla gratuita de fichados.es - ¿Quieres automatizarlo? Visita fichados.es

Sheet Semana 3
C1: CUADRANTE DE TURNOS – SEMANA 3
C2: M=Mañana T=Tarde N=Noche L=Libre V=Vacaciones
A3: Nº | B3: EMPLEADO/A | C3: Lunes | D3: Martes | E3: Miércoles | F3: Jueves | G3: Viernes | H3: Sábado | I3: Domingo | J3: HRS/SEM
A4: 1 | B4: Empleado 1 | C4: M | D4: M | E4: M | F4: M | G4: M | H4: L | I4: L | J4: =COUNTIF(C4:I4,"M")*8+COUNTIF(C4:I4,"T")*8+COUNTIF(C4:I4,"N")*8 -> 40
A5: 2 | B5: Empleado 2 | C5: T | D5: T | E5: T | F5: T | G5: T | H5: L | I5: L | J5: =COUNTIF(C5:I5,"M")*8+COUNTIF(C5:I5,"T")*8+COUNTIF(C5:I5,"N")*8 -> 40
A6: 3 | B6: Empleado 3 | C6: M | D6: T | E6: M | F6: T | G6: M | H6: L | I6: L | J6: =COUNTIF(C6:I6,"M")*8+COUNTIF(C6:I6,"T")*8+COUNTIF(C6:I6,"N")*8 -> 40
A7: 4 | B7: Empleado 4 | C7: N | D7: N | E7: N | F7: N | G7: N | H7: L | I7: L | J7: =COUNTIF(C7:I7,"M")*8+COUNTIF(C7:I7,"T")*8+COUNTIF(C7:I7,"N")*8 -> 40
A8: 5 | B8: Empleado 5 | C8: M | D8: M | E8: L | F8: M | G8: T | H8: L | I8: L | J8: =COUNTIF(C8:I8,"M")*8+COUNTIF(C8:I8,"T")*8+COUNTIF(C8:I8,"N")*8 -> 32
A9: 6 | B9: Empleado 6 | C9: T | D9: T | E9: T | F9: T | G9: T | H9: L | I9: L | J9: =COUNTIF(C9:I9,"M")*8+COUNTIF(C9:I9,"T")*8+COUNTIF(C9:I9,"N")*8 -> 40
A10: 7 | B10: Empleado 7 | C10: M | D10: M | E10: M | F10: M | G10: M | H10: L | I10: L | J10: =COUNTIF(C10:I10,"M")*8+COUNTIF(C10:I10,"T")*8+COUNTIF(C10:I10,"N")*8 -> 40
A11: 8 | B11: Empleado 8 | C11: N | D11: N | E11: N | F11: N | G11: N | H11: L | I11: L | J11: =COUNTIF(C11:I11,"M")*8+COUNTIF(C11:I11,"T")*8+COUNTIF(C11:I11,"N")*8 -> 40
A12: 9 | B12: Empleado 9 | C12: M | D12: T | E12: M | F12: T | G12: M | H12: L | I12: L | J12: =COUNTIF(C12:I12,"M")*8+COUNTIF(C12:I12,"T")*8+COUNTIF(C12:I12,"N")*8 -> 40
A13: 10 | B13: Empleado 10 | C13: L | D13: L | E13: M | F13: M | G13: M | H13: T | I13: T | J13: =COUNTIF(C13:I13,"M")*8+COUNTIF(C13:I13,"T")*8+COUNTIF(C13:I13,"N")*8 -> 40
B14: TOTAL HRS SEMANA | J14: =SUM(J4:J13) -> 392
A16: LEYENDA: | B16: M = Mañana | D16: T = Tarde | F16: N = Noche | H16: L = Libre | J16: V = Vacaciones
A18: Plantilla gratuita de fichados.es - ¿Quieres automatizarlo? Visita fichados.es

Sheet Semana 4
C1: CUADRANTE DE TURNOS – SEMANA 4
C2: M=Mañana T=Tarde N=Noche L=Libre V=Vacaciones
A3: Nº | B3: EMPLEADO/A | C3: Lunes | D3: Martes | E3: Miércoles | F3: Jueves | G3: Viernes | H3: Sábado | I3: Domingo | J3: HRS/SEM
A4: 1 | B4: Empleado 1 | C4: M | D4: M | E4: M | F4: M | G4: M | H4: L | I4: L | J4: =COUNTIF(C4:I4,"M")*8+COUNTIF(C4:I4,"T")*8+COUNTIF(C4:I4,"N")*8 -> 40
A5: 2 | B5: Empleado 2 | C5: T | D5: T | E5: T | F5: T | G5: T | H5: L | I5: L | J5: =COUNTIF(C5:I5,"M")*8+COUNTIF(C5:I5,"T")*8+COUNTIF(C5:I5,"N")*8 -> 40
A6: 3 | B6: Empleado 3 | C6: M | D6: T | E6: M | F6: T | G6: M | H6: L | I6: L | J6: =COUNTIF(C6:I6,"M")*8+COUNTIF(C6:I6,"T")*8+COUNTIF(C6:I6,"N")*8 -> 40
A7: 4 | B7: Empleado 4 | C7: N | D7: N | E7: N | F7: N | G7: N | H7: L | I7: L | J7: =COUNTIF(C7:I7,"M")*8+COUNTIF(C7:I7,"T")*8+COUNTIF(C7:I7,"N")*8 -> 40
A8: 5 | B8: Empleado 5 | C8: M | D8: M | E8: L | F8: M | G8: T | H8: L | I8: L | J8: =COUNTIF(C8:I8,"M")*8+COUNTIF(C8:I8,"T")*8+COUNTIF(C8:I8,"N")*8 -> 32
A9: 6 | B9: Empleado 6 | C9: T | D9: T | E9: T | F9: T | G9: T | H9: L | I9: L | J9: =COUNTIF(C9:I9,"M")*8+COUNTIF(C9:I9,"T")*8+COUNTIF(C9:I9,"N")*8 -> 40
A10: 7 | B10: Empleado 7 | C10: M | D10: M | E10: M | F10: M | G10: M | H10: L | I10: L | J10: =COUNTIF(C10:I10,"M")*8+COUNTIF(C10:I10,"T")*8+COUNTIF(C10:I10,"N")*8 -> 40
A11: 8 | B11: Empleado 8 | C11: N | D11: N | E11: N | F11: N | G11: N | H11: L | I11: L | J11: =COUNTIF(C11:I11,"M")*8+COUNTIF(C11:I11,"T")*8+COUNTIF(C11:I11,"N")*8 -> 40
A12: 9 | B12: Empleado 9 | C12: M | D12: T | E12: M | F12: T | G12: M | H12: L | I12: L | J12: =COUNTIF(C12:I12,"M")*8+COUNTIF(C12:I12,"T")*8+COUNTIF(C12:I12,"N")*8 -> 40
A13: 10 | B13: Empleado 10 | C13: L | D13: L | E13: M | F13: M | G13: M | H13: T | I13: T | J13: =COUNTIF(C13:I13,"M")*8+COUNTIF(C13:I13,"T")*8+COUNTIF(C13:I13,"N")*8 -> 40
B14: TOTAL HRS SEMANA | J14: =SUM(J4:J13) -> 392
A16: LEYENDA: | B16: M = Mañana | D16: T = Tarde | F16: N = Noche | H16: L = Libre | J16: V = Vacaciones
A18: Plantilla gratuita de fichados.es - ¿Quieres automatizarlo? Visita fichados.es

Sheet Resumen Mensual
C1: RESUMEN MENSUAL DE TURNOS
A3: Nº | B3: EMPLEADO/A | C3: HRS SEM 1 | D3: HRS SEM 2 | E3: HRS SEM 3 | F3: HRS SEM 4 | G3: TOTAL MES | H3: DÍAS LIBRES
A4: 1 | B4: Empleado 1 | C4: ='Semana 1'!J4 -> 40 | D4: ='Semana 2'!J4 -> 40 | E4: ='Semana 3'!J4 -> 40 | F4: ='Semana 4'!J4 -> 40 | G4: =SUM(C4:F4) -> 160 | H4: =COUNTIF('Semana 1'!C4:I4,"L")+COUNTIF('Semana 2'!C4:I4,"L")+COUNTIF('Semana 3'!C4:I4,"L")+COUNTIF('Semana 4'!C4:I4,"L") -> 8
A5: 2 | B5: Empleado 2 | C5: ='Semana 1'!J5 -> 40 | D5: ='Semana 2'!J5 -> 40 | E5: ='Semana 3'!J5 -> 40 | F5: ='Semana 4'!J5 -> 40 | G5: =SUM(C5:F5) -> 160 | H5: =COUNTIF('Semana 1'!C5:I5,"L")+COUNTIF('Semana 2'!C5:I5,"L")+COUNTIF('Semana 3'!C5:I5,"L")+COUNTIF('Semana 4'!C5:I5,"L") -> 8
A6: 3 | B6: Empleado 3 | C6: ='Semana 1'!J6 -> 40 | D6: ='Semana 2'!J6 -> 40 | E6: ='Semana 3'!J6 -> 40 | F6: ='Semana 4'!J6 -> 40 | G6: =SUM(C6:F6) -> 160 | H6: =COUNTIF('Semana 1'!C6:I6,"L")+COUNTIF('Semana 2'!C6:I6,"L")+COUNTIF('Semana 3'!C6:I6,"L")+COUNTIF('Semana 4'!C6:I6,"L") -> 8
A7: 4 | B7: Empleado 4 | C7: ='Semana 1'!J7 -> 40 | D7: ='Semana 2'!J7 -> 40 | E7: ='Semana 3'!J7 -> 40 | F7: ='Semana 4'!J7 -> 40 | G7: =SUM(C7:F7) -> 160 | H7: =COUNTIF('Semana 1'!C7:I7,"L")+COUNTIF('Semana 2'!C7:I7,"L")+COUNTIF('Semana 3'!C7:I7,"L")+COUNTIF('Semana 4'!C7:I7,"L") -> 8
A8: 5 | B8: Empleado 5 | C8: ='Semana 1'!J8 -> 32 | D8: ='Semana 2'!J8 -> 32 | E8: ='Semana 3'!J8 -> 32 | F8: ='Semana 4'!J8 -> 32 | G8: =SUM(C8:F8) -> 128 | H8: =COUNTIF('Semana 1'!C8:I8,"L")+COUNTIF('Semana 2'!C8:I8,"L")+COUNTIF('Semana 3'!C8:I8,"L")+COUNTIF('Semana 4'!C8:I8,"L") -> 12
A9: 6 | B9: Empleado 6 | C9: ='Semana 1'!J9 -> 40 | D9: ='Semana 2'!J9 -> 40 | E9: ='Semana 3'!J9 -> 40 | F9: ='Semana 4'!J9 -> 40 | G9: =SUM(C9:F9) -> 160 | H9: =COUNTIF('Semana 1'!C9:I9,"L")+COUNTIF('Semana 2'!C9:I9,"L")+COUNTIF('Semana 3'!C9:I9,"L")+COUNTIF('Semana 4'!C9:I9,"L") -> 8
A10: 7 | B10: Empleado 7 | C10: ='Semana 1'!J10 -> 40 | D10: ='Semana 2'!J10 -> 40 | E10: ='Semana 3'!J10 -> 40 | F10: ='Semana 4'!J10 -> 40 | G10: =SUM(C10:F10) -> 160 | H10: =COUNTIF('Semana 1'!C10:I10,"L")+COUNTIF('Semana 2'!C10:I10,"L")+COUNTIF('Semana 3'!C10:I10,"L")+COUNTIF('Semana 4'!C10:I10,"L") -> 8
A11: 8 | B11: Empleado 8 | C11: ='Semana 1'!J11 -> 40 | D11: ='Semana 2'!J11 -> 40 | E11: ='Semana 3'!J11 -> 40 | F11: ='Semana 4'!J11 -> 40 | G11: =SUM(C11:F11) -> 160 | H11: =COUNTIF('Semana 1'!C11:I11,"L")+COUNTIF('Semana 2'!C11:I11,"L")+COUNTIF('Semana 3'!C11:I11,"L")+COUNTIF('Semana 4'!C11:I11,"L") -> 8
A12: 9 | B12: Empleado 9 | C12: ='Semana 1'!J12 -> 40 | D12: ='Semana 2'!J12 -> 40 | E12: ='Semana 3'!J12 -> 40 | F12: ='Semana 4'!J12 -> 40 | G12: =SUM(C12:F12) -> 160 | H12: =COUNTIF('Semana 1'!C12:I12,"L")+COUNTIF('Semana 2'!C12:I12,"L")+COUNTIF('Semana 3'!C12:I12,"L")+COUNTIF('Semana 4'!C12:I12,"L") -> 8
A13: 10 | B13: Empleado 10 | C13: ='Semana 1'!J13 -> 40 | D13: ='Semana 2'!J13 -> 40 | E13: ='Semana 3'!J13 -> 40 | F13: ='Semana 4'!J13 -> 40 | G13: =SUM(C13:F13) -> 160 | H13: =COUNTIF('Semana 1'!C13:I13,"L")+COUNTIF('Semana 2'!C13:I13,"L")+COUNTIF('Semana 3'!C13:I13,"L")+COUNTIF('Semana 4'!C13:I13,"L") -> 8
B14: TOTALES | G14: =SUM(G4:G13) -> 1568
A16: Plantilla gratuita de fichados.es - ¿Quieres automatizarlo? Visita fichados.es

Sheet Instrucciones
A1: INSTRUCCIONES – Cuadrante de Turnos Semanal
A3: ESTRUCTURA
A4: • Semanas 1-4: cuadrante de turnos semanal para 10 empleados
A5: • Resumen Mensual: consolidado de horas y días libres por empleado
A6: • Configuración: define los turnos, sus horas y colores
A8: CÓDIGOS DE TURNO
A9: M = Turno de Mañana (07:00-15:00) — fondo azul claro
A10: T = Turno de Tarde (15:00-23:00) — fondo amarillo
A11: N = Turno de Noche (23:00-07:00) — fondo gris
A12: L = Día Libre — fondo verde
A13: V = Vacaciones — fondo morado
A15: CÓMO EDITAR TURNOS
... A19: Plantilla gratuita de fichados.es - ¿Quieres automatizarlo? Visita fichados.es
